"index","code"
"0","3TP98C9YV"
"1","U6YQ36XPC"
"2","BSYK36ADQ"
"3","S9QP324FC"
"4","4254YJ88A"
"5","HJ7MDNUYU"
"6","95TFQZT8D"
"7","CY3UQVUFG"
"8","4JU3JJAEB"
"9","FEMQT4KMJ"
"10","BTTWVUGHS"
"11","A849G45ZF"
"12","RE459ZGNW"
"13","T7EHZMSCD"
"14","M8T83G5JM"
"15","U3MTU3WYT"
"16","CEQSGQ4UY"
"17","QA2UHJTC8"
"18","WQSCZJRT6"
"19","ND3GUG2DM"
"20","KUB74V2RX"
"21","8GWFP3SRE"
"22","5SXDDRHTC"
"23","N3WKXBFBD"
"24","274XDNTRM"
"25","Z72P8RHG2"
"26","CHZ524HPD"
"27","996BRE7ZY"
"28","4PAWYWSF7"
"29","NZBRRHCZP"
"30","SQWH4UV5K"
"31","SJA23H3YE"
"32","37B23MW7V"
"33","6HCY5CQ5A"
"34","NC93Q4GQZ"
"35","376K2ZNF7"
"36","332QN577D"
"37","J6VCHMKYK"
"38","8AVZHY8Y7"
"39","4GXWK3TPD"
"40","B953494TN"
"41","73JFQ93ED"
"42","QYY5W62GX"
"43","YTU4XDHEF"
"44","JZXB9R4MR"
"45","PAA4N9JYN"
"46","6GNM64G9F"
"47","DR7WKATTQ"
"48","FYSPNQK56"
"49","PTT5P6XXF"
